{"cameraMode":{"drawMode":0,"name":"Shaded","section":"Shading Mode"},"sceneLighting":true,"audioPlay":false,"sceneViewState":{"showFog":true,"showMaterialUpdate":false,"showSkybox":true,"showFlares":true,"showImageEffects":true,"showParticleSystems":true},"in2DMode":false,"pivot":{"x":11.826171875,"y":0.17822599411010743,"z":4.365520000457764},"rotation":{"x":-0.38833656907081606,"y":-0.33945757150650027,"z":0.15650761127471925,"w":-0.8422996401786804},"size":31.855220794677736,"orthographic":true}