{"cameraMode":{"drawMode":0,"name":"Shaded","section":"Shading Mode"},"sceneLighting":true,"audioPlay":false,"sceneViewState":{"showFog":true,"showMaterialUpdate":false,"showSkybox":true,"showFlares":true,"showImageEffects":true,"showParticleSystems":true},"in2DMode":false,"pivot":{"x":11.976495742797852,"y":-2.7578125,"z":10.40295124053955},"rotation":{"x":0.6279329061508179,"y":0.0023348985705524685,"z":-0.0018836004892364145,"w":0.7782617807388306},"size":30.720380783081056,"orthographic":true}