{"cameraMode":{"drawMode":0,"name":"Shaded","section":"Shading Mode"},"sceneLighting":false,"audioPlay":false,"sceneViewState":{"showFog":true,"showMaterialUpdate":false,"showSkybox":true,"showFlares":true,"showImageEffects":true,"showParticleSystems":true},"in2DMode":false,"pivot":{"x":7.745264530181885,"y":1.347090721130371,"z":-5.242351531982422},"rotation":{"x":0.12784971296787263,"y":0.18481844663619996,"z":-0.024256732314825059,"w":0.974119246006012},"size":21.727603912353517,"orthographic":false}