{"cameraMode":{"drawMode":0,"name":"Shaded","section":"Shading Mode"},"sceneLighting":false,"audioPlay":false,"sceneViewState":{"showFog":true,"showMaterialUpdate":false,"showSkybox":true,"showFlares":true,"showImageEffects":true,"showParticleSystems":true},"in2DMode":false,"pivot":{"x":3.971745491027832,"y":2.0498428344726564,"z":8.19161319732666},"rotation":{"x":0.043135929852724078,"y":-0.9563493132591248,"z":0.21978859603405,"w":0.18769198656082154},"size":12.359464645385743,"orthographic":true}